{
  "images" : [
    {
      "idiom" : "universal",
      "scale" : "1x",
      "filename" : "tabbar_discover_selected.png"
    },
    {
      "idiom" : "universal",
      "scale" : "2x",
      "filename" : "tabbar_discover_selected@2x.png"
    },
    {
      "idiom" : "universal",
      "scale" : "3x"
    },
    {
      "idiom" : "universal",
      "filename" : "tabbar_discover_selected_os7@2x.png",
      "unassigned" : true,
      "scale" : "2x"
    }
  ],
  "info" : {
    "version" : 1,
    "author" : "xcode"
  }
}